risk_decile,session_count,purchase_count,purchase_rate,overall_test_purchase_rate,lift
1,1366,215,0.157394,0.050373,3.124545
2,1366,157,0.114934,0.050373,2.28164
3,1366,106,0.077599,0.050373,1.540475
4,1365,87,0.063736,0.050373,1.265271
5,1366,56,0.040996,0.050373,0.813842
6,1366,36,0.026354,0.050373,0.523173
7,1365,14,0.010256,0.050373,0.203599
8,1366,7,0.005124,0.050373,0.10172
9,1366,10,0.007321,0.050373,0.145335
10,1366,0,0.0,0.050373,0.0
